Employee ID,First name,Last name,Gender,Date of birth,Department,Country
306084,Dang Thanh,Dat,Male,07/04/2004,54249,Sweden
677104,Nguyen Ngoc Ai,Dan,Female,05/07/2003,77578,Belgium
261444,Phan Anh,Khoa,Male,01/03/1992,83197,Austria
125627,Nguyen Ngoc Minh,Tu,Male,18/01/1983,87286,Slovenia
420499,Chau Minh,Tuan,Male,19/02/1986,62217,France
610755,Huynh Trong,Nghia,Male,21/02/1964,77578,Romania
252600,Tran Nhu,Phong,Male,21/06/1966,77578,Bulgaria
904889,Huynh Phu,Hung,Male,06/04/1973,66551,Hungary
487899,Vu Anh,Huy,Male,07/06/1964,55906,Netherlands
726261,Truong Thien,Huy,Male,04/05/1979,77578,CzechRepublic
272192,Huynh Buu Quoc,Lam,Male,10/04/1999,77578,Luxembourg
945501,Vo Quoc,Thinh,Male,04/10/1981,63966,Portugal
126301,Vo Van Ga,Sin,Male,09/07/1988,62217,CzechRepublic
283516,Dang Huu,Chi,Male,05/11/1990,55906,Portugal
788185,Nguyen Ngoc Bao,Han,Female,19/06/1966,83197,Romania
190096,Dang Han,Phong,Male,12/01/1975,52260,Greece
696438,Truong Minh,Quy,Male,25/12/1963,62217,Croatia
807136,Le Van,Thien,Male,28/01/1985,54249,Portugal
983998,Tran Nhat,Hoang,Male,27/05/1985,37456,Croatia
139426,Huynh Phuong,Tai,Male,05/09/1969,37456,Italy
549606,Nguyen Truong,An,Male,17/12/1966,83197,Romania
707817,Dang Lam,Giang,Male,28/02/1967,77578,RepublicofCyprus
163494,Tran Nguyen Gia,Huy,Male,22/03/1980,83197,Romania
634575,Nguyen Hong,Quan,Male,01/03/1965,55906,Portugal
798319,Nguyen The Thanh,Thang,Male,04/03/1981,66551,Lithuania
691482,Tu Gia,Thanh,Male,12/04/1984,54249,Latvia
382934,Vo Minh,Trieu,Male,18/11/1983,55906,France
877168,Tran Nguyen Thanh,Tuan,Male,24/02/1968,63966,Estonia
238236,Nguyen Trung,Hieu,Male,22/01/1980,37456,Ireland
781605,Lam Nhut,Tien,Male,13/07/1983,83197,Luxembourg
928447,Tran Ngoc,Hung,Male,03/01/1984,62217,Greece
138338,Pham Van,Ngoc,Male,02/08/1971,77578,Bulgaria
474734,Pham Le,Vinh,Male,30/01/1979,63966,Spain
425096,Phan Thi Thuy,An,Female,06/05/1986,37456,Luxembourg
796335,Ho Quang Minh,Hai,Male,10/03/2004,55906,Poland
869981,Nguyen Do Duc,Thinh,Male,23/07/1993,62217,Lithuania
205934,Ngo Gia,Huy,Male,07/05/1988,83197,Croatia
289068,Nguyen Duc,Tri,Male,29/10/2001,87286,Belgium
943472,Nguyen Cong,Chanh,Male,22/08/2003,87286,Netherlands
678262,Nguyen Phuoc,Hau,Male,06/02/1978,55906,Greece
942374,Huynh Le Thi Tuyet,Nhi,Female,06/10/1995,52260,Slovakia
854112,Pham Dinh,Khiem,Male,20/01/1966,83197,Denmark
761124,Phan Thi Nhu,Huynh,Female,19/04/1987,83197,Denmark
954930,Bui Ngoc,Khai,Male,14/08/1983,66551,Belgium
790316,Nguyen Tan,Phuong,Male,07/05/1994,52260,Poland
716089,Nguyen Anh,Quoc,Male,19/07/2000,87286,Slovakia
608999,Tran Thanh,Hao,Female,29/10/1978,62217,CzechRepublic
598042,Trinh Tan,Khai,Male,22/02/1996,87286,Slovakia
445166,Nguyen Ngoc Hoai,Sang,Male,01/10/1984,83197,CzechRepublic
246643,Hoang Ky,Khanh,Male,29/10/1981,55906,Lithuania
339298,Lon,Sokvantip,Male,04/09/1998,63966,Malta
341834,Vu Minh,Nhat,Male,29/08/2003,66551,Hungary
143343,Hoang Ngoc,Anh,Male,10/08/1970,87286,CzechRepublic
945268,Trieu Gia,Bao,Male,19/01/1992,87286,Slovenia
794692,Cao Minh,Canh,Male,01/12/1999,63966,Slovakia
599824,Nguyen Duc Trung,Dan,Male,30/05/1987,66551,Romania
766272,Lieu Thanh,Dat,Male,29/11/1990,52260,Italy
377076,Nguyen Danh,Dat,Male,29/08/1993,66551,Hungary
548878,Ly Truong,Giang,Male,14/10/1991,66551,Hungary
611866,Dinh Tran Nguyen,Khoi,Male,07/05/1994,55906,Greece
253053,Le Cong,Nghia,Male,20/04/1982,54249,France
240767,Do Nguyen Trung,Nguyen,Male,13/02/1995,77578,Greece
929251,Le Ngoc,Toan,Male,21/02/2001,52260,Latvia
381800,Trinh Vi,Hao,Male,23/03/1985,52260,France
934390,Nguyen Quoc,Cong,Male,02/11/1969,37456,Romania
534224,Nguyen Thanh,Dat,Male,04/04/1991,77578,Italy
325674,Le Hau,Vinh,Male,11/05/1970,87286,CzechRepublic
382527,Bui Thanh,Hai,Male,19/12/1995,62217,Luxembourg
736731,Ngo Minh,Hieu,Male,09/05/1962,55906,Portugal
351396,Truong Lam Minh,Thien,Male,31/07/1991,62217,Romania
779526,Le Hoai,Giang,Male,03/07/1995,77578,Croatia
158915,Nguyen Mai Xuan,Bach,Male,20/02/1991,55906,Romania
895525,Tran Tri,Cuong,Male,03/10/1999,54249,Malta
711240,Nguyen Dinh Minh,Duc,Male,29/07/1990,87286,Ireland
366250,Nguyen Ngoc,Hieu,Male,06/12/1962,62217,Portugal
312958,Tran Thien,Trieu,Male,11/04/1981,62217,Italy
334228,Huynh Bao,An,Male,01/05/1992,62217,Hungary
432504,Vu Tuan,Anh,Male,24/02/1975,54249,Denmark
931423,Phuong Hoai,Bao,Male,06/04/1986,62217,Slovenia
576652,Lai Thi Tuyet,Giang,Male,23/12/1988,87286,Luxembourg
969383,Pham Thanh,Khai,Male,13/05/1987,54249,Lithuania
402831,Quang Tri,Luong,Male,28/05/1965,55906,Estonia
696415,Do Minh,Nguyen,Male,09/09/1995,52260,Sweden
700770,Vo Tan,Tai,Female,18/03/2001,63966,Germany
712374,Phan Thanh,Trong,Male,06/03/1989,55906,Bulgaria
514492,Truong Cong An,Binh,Male,22/11/1990,37456,Poland
550584,Tran Cong,Danh,Male,22/03/1962,83197,RepublicofCyprus
846787,Le Trong,Hoang,Male,20/07/1981,54249,Bulgaria
860681,Nguyen Huynh Khanh,Lam,Male,13/08/1969,52260,Latvia
131360,Tran Thi Ngoc,Lan,Male,19/08/2004,55906,Finland
491300,Vo Dinh Hoang,Linh,Male,04/06/1979,63966,Bulgaria
570181,Cat Tan,Loc,Male,12/12/1987,66551,RepublicofCyprus
274865,Nguyen Huy,Long,Male,21/06/1999,37456,Sweden
415449,Tran Thi Xuan,Mai,Male,01/06/1972,66551,RepublicofCyprus
148938,Bui Huu,Nghia,Female,24/10/1974,66551,Finland
692983,Nguyen Huu,Nhon,Male,23/09/1991,87286,Greece
201724,Trinh Trong Minh,Quan,Male,01/12/1968,62217,Germany
269281,Nguyen Hoang Ky,Thao,Male,25/02/1973,55906,Slovakia
246201,Doan Van,Trong,Female,28/02/1963,63966,Slovenia
133169,Nguyen Trong,Tuan,Male,04/08/1976,66551,Bulgaria
711653,Pham Quoc,Tuan,Male,21/09/1985,55906,Hungary
623402,Le Huu,An,Male,18/07/1976,87286,Italy
188503,Tran Duc,Anh,Female,05/09/1967,63966,France
939755,Hoang Viet,Anh,Male,08/10/1966,54249,Ireland
124163,Ho Khanh,Bang,Male,12/07/1982,87286,Hungary
166668,Dong Anh,Cuong,Male,26/02/1970,77578,France
672481,Thai Vinh,Hien,Male,25/10/1964,66551,Malta
722724,Le Trung,Hieu,Male,28/05/1992,66551,Sweden
621903,Quach Kim,Hung,Male,17/04/1998,55906,Belgium
747455,Pham Vo Quoc,Khanh,Male,08/01/1979,87286,Lithuania
277975,Tang Hoang,Lam,Male,05/06/1979,83197,Romania
684623,Doan Dai,Nghia,Male,07/02/1996,54249,Austria
607178,Thach Anh,Thoai,Male,14/08/1964,63966,Greece
936166,Do Xuan,Thong,Male,07/12/1981,37456,Greece
263424,Nguyen Nhat,Vinh,Male,05/12/1978,37456,Finland
843049,Phan Thai,Vuong,Male,01/10/1977,54249,France
348171,Phan Nhat,Nam,Male,14/11/1992,87286,Belgium
724012,Dang Ngoc Huy,Hoang,Male,26/01/1962,54249,Slovenia
327477,Le Huy,Hoang,Male,12/12/1994,87286,Malta
921059,Tran Dang,Khoa,Male,05/05/1973,52260,Poland
472941,Huynh Chi,Thien,Male,27/10/2003,83197,Malta
866917,Kieu Vo Quang,Thien,Male,01/02/1967,66551,Italy
393290,Tran Lam,Truong,Male,17/10/1968,37456,RepublicofCyprus
604271,Duong Thien,Hai,Male,06/04/1988,87286,Estonia
800059,Le Hoang,Lam,Male,08/07/1966,52260,Netherlands
946043,Vo Ngoc,Phu,Male,19/09/1989,77578,Croatia
861841,Pham Hong,Phuc,Male,19/04/2003,63966,Denmark
145525,Hoang Anh,Quang,Male,08/02/1984,87286,Netherlands
732318,Huynh Gia,Thuan,Male,12/01/1981,63966,France
250703,Tran Tuan,Anh,Male,15/10/1992,54249,Netherlands
338683,Vuong Thien,Anh,Male,02/01/2000,62217,France
375100,Le Anh,Duong,Male,13/10/1985,87286,Spain
564012,Le Nguyen Hoang,Nam,Male,17/04/1965,87286,Luxembourg
231205,Hoang Nguyen Thao,Nhi,Male,21/03/1966,54249,Croatia
735831,Nguyen Hieu,Trung,Male,10/04/1968,54249,Germany
633342,Huynh,Van,Male,30/04/1989,37456,RepublicofCyprus
753447,Do Cao,Viet,Male,05/02/1973,77578,Netherlands
793618,Le Dang Vinh,An,Male,22/10/1971,62217,Austria
695414,Van Duc,Duy,Male,07/02/1992,55906,France
217348,Huynh Quoc,Huy,Male,10/10/1962,52260,Ireland
402106,Pham Duy,Khanh,Male,14/09/1969,54249,Slovakia
838614,Pham Le Dang,Khoa,Male,10/10/1970,62217,Poland
510181,Nguyen Van,Kien,Male,06/11/1971,77578,Hungary
426971,Nguyen Hoang,Nam,Male,18/10/1970,66551,Lithuania
257161,Nguyen Binh,Nguyen,Female,27/10/1980,52260,Portugal
370100,Le,Nhan,Male,09/06/2004,66551,Portugal
719829,Tran Diep Ai,Nhu,Male,12/08/2003,83197,Croatia
162523,Pham Tan,Phat,Female,16/11/1985,52260,Romania
908804,Ho Truong Tan,Phi,Male,01/10/1962,77578,Italy
472348,Le Nguyen Thien,Phu,Male,10/02/2001,62217,Denmark
586026,Vo Duy,Tan,Male,09/11/1972,54249,Austria
846764,Phan Van,Thai,Male,03/10/1993,62217,Slovenia
760747,Nguyen Phat,Thinh,Male,05/04/1999,55906,Slovenia
206985,Tu Tuan,Thong,Male,09/07/1963,54249,Portugal
324857,Huynh Minh,Thu,Male,30/07/2003,87286,Ireland
250342,Le Thanh,Tuan,Male,08/12/2002,77578,Spain
905638,Pham Anh,Tuan,Male,07/12/1987,63966,France
245419,Nguyen Minh,Anh,Male,09/08/1962,87286,Lithuania
253758,Le Viet,Cuong,Male,23/07/1986,62217,Italy
889320,Dao Tran Cong,Duc,Male,13/11/1970,62217,Latvia
746289,Pham Duc,Duy,Male,10/09/1990,83197,Luxembourg
408030,Tran Ngoc Thanh,Duy,Male,27/12/1965,62217,Latvia
532078,Tran Quang,Hien,Female,21/12/1997,83197,Greece
763981,Doan Trung,Hieu,Male,07/11/1980,37456,Hungary
537165,Dang Trung,Kien,Male,11/04/1972,62217,Portugal
236194,Dang Hoang,Quoc,Male,22/08/1988,37456,Sweden
911258,Do Quang,Van,Male,10/01/1970,62217,Spain
353773,Tran Khang,Vi,Male,05/08/1986,52260,Bulgaria
765727,Nguyen Hoang Quang,Vinh,Male,15/04/1992,83197,France
432160,Huynh Tan,Dat,Male,24/03/1994,63966,Netherlands
564848,Nguyen Viet,Hai,Male,28/08/1988,52260,Greece
915355,Ma Gia,Han,Female,22/01/2002,54249,Slovakia
241339,Nguyen,Hung,Male,06/01/1998,55906,Romania
215905,Pham Trong,Phuc,Male,02/07/1967,37456,Ireland
275162,Tran Minh,Thu,Male,21/09/1983,62217,Ireland
770349,Nguyen Phi,Dien,Male,19/02/1990,55906,RepublicofCyprus
985490,Nguyen Ta Minh,Duc,Male,26/07/1963,83197,Estonia
693335,Tran Van,Hung,Male,06/09/1981,63966,France
337638,Bui Minh,Khoa,Male,11/10/2000,77578,Hungary
238571,Nguyen Dang,Khoa,Male,07/09/1995,37456,Lithuania
431086,Nguyen Tra,My,Male,12/09/1968,55906,Croatia
394244,Le Thi Thao,Nguyen,Male,01/12/1962,52260,Sweden
565598,Phung Thanh,Son,Male,28/08/2001,55906,Poland
239673,Truong Thanh,Son,Male,22/06/1986,63966,Netherlands
347796,Nguyen Phuc,Thien,Male,12/10/1969,77578,Croatia
798211,Tran Pham Minh,Thuc,Male,24/10/1996,66551,Sweden
386823,Vu Son,Tung,Male,28/07/1982,66551,Luxembourg
539000,Pham Hai,Dang,Male,13/02/1974,37456,France
186259,Nguyen Tran Huynh,Duc,Male,28/11/1984,77578,Germany
334920,Truong Tan,Dung,Male,25/06/1967,66551,Luxembourg
595523,Nguyen Duy,Minh,Male,06/11/1981,83197,CzechRepublic
455382,Pham Quang,Minh,Male,20/02/1963,54249,France
841145,Doan Thien,Phuc,Male,20/02/1968,37456,Sweden
313407,Le Phan Hoang,Phuc,Female,19/01/1981,77578,Finland
467919,Do Cong,Tho,Male,09/09/1999,83197,Romania
157237,Kieu Minh,Tien,Male,27/09/1981,37456,CzechRepublic
909750,Tran Thai,Truong,Male,15/01/1970,62217,Germany
807353,Nguyen Duong Khanh,Dang,Female,02/01/1992,37456,Portugal
670455,Duong Tan,Danh,Male,18/05/1975,77578,Italy
946810,Le Cong Quoc,Khanh,Male,14/04/1977,66551,Romania
152064,Khau Hoang,Kien,Male,09/05/1973,66551,Italy
137906,Tran Phuoc,Thinh,Male,24/03/1992,37456,Poland
684229,Mai Quynh,Chi,Male,01/11/1984,52260,Finland
558158,Tran Quoc,Cong,Male,12/09/1972,62217,Sweden
427479,Le Hai,Dang,Male,28/11/1975,55906,France
719896,Luu Quang,Dung,Female,05/01/1996,55906,Latvia
979506,Ha Huy,Hien,Male,15/10/1963,87286,Denmark
597876,Vo Tran Nhat,Huy,Female,04/07/1988,62217,Ireland
368511,Nguyen Si Hoang,Nam,Male,18/05/1996,52260,Romania
523639,Do Huu,Phu,Male,02/05/1966,62217,Austria
770354,Le Nhat,Truong,Male,26/05/1980,52260,Netherlands
560467,Vo Hoang,Tuan,Male,13/02/1972,63966,Finland
607999,Dang Nguyet,Anh,Male,04/02/1992,62217,Hungary
798620,Ho Le,Binh,Male,09/01/1963,52260,Spain
672793,Thai Binh,Duong,Male,04/07/1965,66551,Portugal
974429,Duong Kim,Duyen,Male,24/07/1978,37456,France
202571,Nguyen Thai Anh,Hao,Male,19/04/1965,54249,Poland
397872,Ly Gia,Hao,Male,12/03/1980,52260,Estonia
894057,Vo Nguyen Huy,Hoang,Male,12/11/1989,54249,Slovenia
798916,Vu Duc,Hoang,Male,08/03/1965,77578,Malta
851284,Truong Viet,Hung,Male,08/11/2004,87286,Austria
391676,Duong Duc,Huy,Male,13/04/2001,37456,France
903659,Nguyen Ngoc Gia,Khanh,Male,28/03/2004,54249,Malta
390392,Ta Bui Gia,Khanh,Male,13/10/1998,52260,Denmark
711570,Dinh Nguyen Trong,Kien,Male,24/07/1996,83197,Romania
140737,Tran Thieu,Ky,Male,19/12/1967,87286,Greece
356936,Ha Vu,Lam,Male,24/06/1993,55906,Portugal
478310,To Phu,Loi,Male,10/02/1967,66551,Croatia
591252,Dinh Hoang,Long,Male,03/08/2003,77578,RepublicofCyprus
418423,Nguyen Mai Ai,Mi,Male,19/07/1995,83197,Romania
953137,Trinh Quoc,Minh,Male,16/11/1969,77578,Belgium
254309,Le The,My,Male,05/07/1972,63966,RepublicofCyprus
780552,Chuong Trong,Nhan,Male,31/05/2000,62217,Estonia
265127,Ly Minh,Nhat,Male,13/03/1974,55906,Croatia
282390,Le Minh,Quan,Female,31/07/1971,77578,Finland
500556,Nguyen Tran Minh,Quan,Male,08/11/1993,52260,Slovenia
261194,Tang Thien,Quy,Male,20/07/1989,66551,Denmark
607878,Tran Trong,Tin,Male,09/02/1981,77578,France
639040,Vuong Duc,Tri,Male,11/09/1989,77578,Slovakia
296044,Hoang Quoc,Truong,Male,23/09/1991,62217,CzechRepublic
645919,Nguyen Huynh Quoc,Viet,Male,19/06/2000,62217,CzechRepublic
368666,Phan Le Tuan,Anh,Male,13/04/1986,37456,Poland
617736,Bui Nguyen Ngoc,Bao,Male,07/12/1968,62217,Slovakia
601951,Le Nguyen Thanh,Binh,Male,06/06/1972,62217,Bulgaria
856820,Nguyen Tung,Chau,Male,19/03/1970,87286,Slovenia
198186,Nguyen Ngoc Nhat,Dang,Male,23/06/1964,52260,Italy
570309,Le Tien,Dat,Male,14/04/1978,87286,Germany
384374,Vo Vy,Doan,Male,25/04/1968,63966,Denmark
427779,Ta Nguyen Quy,Duong,Male,22/05/1986,62217,Belgium
740139,Ly Vo Dong,Giang,Male,16/03/1962,62217,Slovenia
904561,Nhan Tan,Hao,Male,12/12/1996,63966,Slovakia
783526,Cao Thanh,Hiep,Male,06/01/2001,54249,Latvia
526823,Dau Huu,Hiep,Female,17/01/1965,83197,Romania
139893,Nguyen Le Thien,Khoa,Male,11/08/1981,54249,CzechRepublic
831753,Nguyen Ngo Anh,Khoa,Male,17/04/1984,54249,Poland
768795,Hoang Phuong,Nam,Female,06/08/2001,37456,Austria
587016,Lam Tri,Nghia,Male,25/03/1988,63966,Greece
801731,Than Minh,Nguyen,Female,19/12/2002,52260,Sweden
308782,Duong Khien,Phat,Male,22/07/1997,66551,Lithuania
921481,Nguyen Dinh,Phuoc,Male,20/09/1964,37456,Netherlands
965492,Ngo Duy,Quoc,Male,11/12/2004,87286,Estonia
297562,Nguyen Thi Tu,Quy,Male,02/10/1975,77578,Slovakia
176911,Tran Anh,Quyet,Male,02/09/1970,62217,Lithuania
618170,Nguyen Quoc Phuc,Thanh,Male,08/02/1962,55906,Malta
320737,Do Trung,Tin,Male,27/05/1995,66551,Romania
560755,Phan Hai,An,Male,30/06/1989,54249,Bulgaria
627829,Pham Dao Thien,An,Male,21/04/1968,63966,RepublicofCyprus
357975,Nguyen Hoang Ngoc,An,Male,27/07/1978,63966,France
264646,Nguyen Gia,Bao,Male,22/01/1969,37456,Estonia
814719,Tran Cong Gia,Bao,Male,29/01/1992,63966,Lithuania
838912,Nguyen Vu Phong,Binh,Male,23/03/1967,54249,Bulgaria
410998,Nguyen Manh,Cuong,Male,12/06/1968,55906,Sweden
846396,Nguyen Ba,Dat,Female,02/11/1981,63966,Ireland
177139,Trinh Quang,Dung,Male,11/01/1983,87286,Portugal
962845,Doan Minh,Hieu,Male,26/09/1999,83197,Netherlands
245154,Ha Thanh Quoc,Huy,Male,31/12/1973,83197,Lithuania
540071,Tang Anh,Khuong,Male,21/07/1996,54249,Austria
451899,Nguyen Tuan,Kiet,Male,07/05/1971,37456,Sweden
207818,Tran Buu,Linh,Male,17/09/1983,77578,Greece
906844,Vo Ngoc Lam,Linh,Male,28/06/1985,54249,Hungary
323923,Nguyen Khac,Minh,Male,03/12/1976,54249,Luxembourg
301766,Tran Hoai,Nam,Male,19/11/1970,66551,Estonia
211807,Bui Van,Nguyen,Male,11/02/1970,77578,Bulgaria
713546,Le Hong,Nhon,Male,20/09/1965,52260,Bulgaria
740799,To Khanh,Phat,Male,04/07/2002,63966,Austria
952926,Nguyen Phu Thanh,Phuong,Male,18/07/1983,66551,France
210229,Phan Nguyen Hoang,Quan,Male,22/04/2000,55906,Hungary
941848,Nguyen Hoang Duy,Son,Male,01/09/1982,54249,Lithuania
954826,Do Huynh,Thien,Male,13/12/1987,63966,Romania
863663,Nguyen Quang,Thinh,Male,28/02/1994,87286,Portugal
207572,Le Quang,Thuan,Male,04/01/1991,77578,CzechRepublic
974233,Luong Minh,Tien,Male,22/06/1990,37456,Lithuania
858211,Luu Tuan,Toan,Male,13/11/2001,83197,RepublicofCyprus
260286,Nguyen Dam Thanh,Tung,Male,14/09/1996,77578,Latvia
867087,Tao Duy,Tung,Male,10/03/1972,55906,Greece
185428,Nguyen Nhu Trung,Hieu,Male,30/08/1973,87286,Germany
301219,Tran Quy,Hoa,Male,07/10/1966,37456,Estonia
799304,Tran Nguyen Xuan,Mai,Male,10/03/1997,37456,Romania
568920,Tran Huu Phuc,An,Male,07/04/2000,87286,Ireland
357519,Doan Duy,Duc,Male,22/03/1968,87286,Ireland
813881,Pham Xuan,Duc,Male,08/01/1993,52260,Ireland
415013,Le Phu Vinh,Hien,Male,23/12/2002,87286,CzechRepublic
278220,Tran Trung,Kien,Male,20/08/1999,63966,Belgium
529868,Ngo Nhat,Nam,Male,22/03/1970,62217,Hungary
955273,Dao Minh,Nguyen,Male,07/07/2000,63966,RepublicofCyprus
850659,Huynh Thanh,Phong,Male,06/12/1974,52260,Bulgaria
563727,Nguyen Chi,Thanh,Male,10/10/1991,37456,CzechRepublic
185688,Tran Duc Minh,Thuan,Male,04/03/1965,54249,CzechRepublic
694513,Dao Thanh,Trung,Male,22/06/1971,52260,France
470805,Nguyen Ly Dien,Trung,Male,18/08/1973,55906,Luxembourg
508066,Dang Quang,Vinh,Male,10/04/2003,55906,Malta
565617,Phan Tan,Vinh,Male,04/12/1995,63966,Romania
138339,Mai Duc,Chien,Female,23/11/1970,63966,Poland
522917,Dinh Tien,Dung,Male,08/12/1977,63966,Estonia
507644,Ha Quoc,Long,Male,22/12/2001,55906,Estonia
387811,Truong Hien,Long,Male,16/09/1967,63966,Luxembourg
845651,Do Dinh,Vu,Male,11/12/1992,77578,Poland
218864,Nguyen Do Tuan,Anh,Male,03/09/1983,54249,Estonia
431997,Truong The,Cuong,Male,14/07/1981,54249,Netherlands
209541,Do Phat,Huy,Male,19/09/1976,63966,Spain
381950,Tran Gia,Huy,Male,16/09/1969,66551,Lithuania
877370,Vo Nguyen Minh,Triet,Male,23/06/1975,52260,Latvia
648243,Ho Dinh,Bao,Male,15/01/1970,77578,Italy
980058,Ngo Tu,Duc,Male,27/03/1993,54249,Lithuania
509151,Hoang Van,Dung,Male,03/05/1997,37456,Austria
264179,Nguyen Le Minh,Khoa,Male,14/04/2004,52260,Luxembourg
941685,To Thien,Phuc,Male,25/08/2000,66551,France
552807,Le Viet Nguyen,Phuong,Male,23/07/1982,62217,Portugal
553783,Phan Quoc,Thai,Male,23/09/1986,83197,Estonia
416650,Ho Tran,Thang,Male,10/08/1965,77578,Italy
702639,Ngo Dinh Minh,Tri,Male,05/01/1971,55906,Spain
257227,Le Phat,Tuan,Male,17/09/1975,55906,Greece
535693,Nguyen Phu,Vinh,Male,03/10/1986,62217,Denmark
481859,Cao Thien,Bao,Male,15/10/1974,52260,Romania
358638,Vo Huu,Dang,Male,01/05/1982,77578,Netherlands
396068,Nguyen Hoai,Duc,Male,04/09/1983,62217,Romania
872698,Phan Phu,Duy,Male,08/12/1985,83197,Malta
268609,Nguyen Thuy Cat,Linh,Male,04/12/1975,52260,France
162515,Dong Kim,Long,Male,24/12/1999,37456,Austria
656564,Ho Tan,Nam,Male,28/01/1962,55906,Lithuania
841539,Nguyen Thuy Bao,Ngoc,Male,11/06/2002,62217,Germany
150018,Tran Huu,Phuoc,Male,18/03/1968,37456,Malta
665125,Song In,Seok,Male,19/09/1977,66551,Sweden
216517,Dang Binh,Thanh,Female,04/01/1971,77578,Spain
300093,Nguyen Lam Quoc,Thinh,Male,26/03/1975,63966,Denmark
666004,Huynh Nhat,Thong,Male,24/06/1982,52260,Ireland
123804,Ong Thien,Tin,Male,10/07/1978,66551,Ireland
936985,Nguyen Vinh,An,Male,27/04/1981,83197,Croatia
533144,Pham Hoai,An,Male,28/01/1964,62217,Italy
767851,Dao Ha Tuan,Anh,Male,11/03/1967,52260,Croatia
195101,Nguyen Kim,Du,Male,30/09/1966,52260,Germany
969542,Ha Sy,Duc,Male,30/07/1999,63966,Bulgaria
602929,Nguyen Tri,Duc,Male,27/10/1964,63966,Latvia
198786,Huynh Nguyen Quang,Dung,Male,07/08/1970,77578,Italy
855751,Pham Tien,Dung,Male,28/01/2004,54249,Slovenia
933402,Do Van,Duoc,Male,26/11/2000,77578,Bulgaria
370705,Doan Hai,Duong,Male,27/11/2004,37456,Malta
508371,Than Trong Anh,Duy,Male,06/09/1976,87286,Italy
156168,Nguyen Hoang Minh,Hieu,Male,15/07/1987,83197,Portugal
798411,Phan Huynh Minh,Hieu,Male,07/06/1999,87286,Latvia
662587,Ho Huy,Hoang,Male,14/11/1972,52260,Malta
695249,Pham Tran,Hoang,Male,19/05/1988,62217,Luxembourg
818443,Pham Viet,Hoang,Male,20/11/1999,55906,Slovenia
986221,Dang Xuan,Hung,Male,04/07/2002,63966,Denmark
680375,Dao Gia,Huy,Male,12/12/1997,62217,Malta
640838,Duong Gia,Huy,Male,15/07/1990,87286,Lithuania
696764,Ho Huu,Huy,Male,08/07/1966,55906,Italy
196883,Nguyen Duong Dan,Huy,Male,16/07/1976,55906,Ireland
744500,Nguyen Hoang Vu,Huy,Male,29/04/1971,83197,Sweden
478259,Pham Nguyen Tuan,Huy,Male,24/01/1985,54249,Malta
341332,Cao Hoang,Khai,Male,08/06/1984,77578,Latvia
195760,Vo Ba Anh,Khoa,Female,07/04/1984,52260,Latvia
732566,Nguyen Xuan Gia,Khuong,Male,20/01/1971,62217,Poland
731837,Ha Thanh,Ngan,Male,22/07/1999,54249,Lithuania
339096,Hua Chi,Nghia,Male,27/12/1992,52260,Estonia
764976,Doan Vinh,Phat,Male,01/02/2000,52260,Croatia
401591,Tran Hoang,Phuc,Male,04/09/1981,63966,Hungary
475858,Vu Hoang,Phuc,Male,14/01/1971,66551,Poland
252668,Ngo Thanh,Phuong,Male,20/02/1989,54249,Malta
809057,Trang Hieu,Quang,Male,08/07/1996,62217,Germany
790786,Nguyen Duy Anh,Son,Male,16/02/1966,54249,Germany
451475,Nguyen Luu Minh,Thanh,Male,27/11/1975,87286,Croatia
746672,Dao Kim,Thien,Male,06/12/1994,77578,Belgium
156750,Huynh Phuc,Thien,Male,01/02/1994,52260,RepublicofCyprus
222458,Tao Huu,Tho,Male,19/02/1968,52260,Belgium
600080,Tran Xuan,Truong,Male,22/06/1973,83197,Hungary
916067,Nguyen Pham,Tuan,Male,04/08/1969,37456,Romania
268671,Ha Duong Quoc,Vi,Male,16/03/2000,63966,Bulgaria
909239,Pham Truong,Vinh,Male,30/04/1992,62217,Spain
399512,Nguyen Ngoc Phuong,Vy,Male,10/03/1970,87286,Estonia
138342,Diep Hoang Tuan,Kiet,Male,03/06/1964,52260,Romania
654761,Nguyen Dang Khoi,Nguyen,Male,28/08/1988,55906,Malta
981651,Nguyen Vo Hong,Nhat,Male,07/01/1990,55906,Hungary
342636,Sai,Benjamin,Male,12/12/1993,87286,Estonia
591631,Doan Anh,Luan,Male,04/04/2004,83197,Portugal
772296,Tran Ha,Linh,Male,17/09/1996,37456,Netherlands
369856,Luu Hoang,Thong,Male,25/10/1993,66551,Malta
894649,Tong Le,Sang,Male,12/04/1985,63966,Germany
912672,Thach Nguyen Le,Tung,Male,18/07/1996,63966,RepublicofCyprus
155065,Tran Tan,Tai,Male,24/02/1990,63966,Estonia
936812,Nguyen Tu Thanh,Duy,Male,17/08/1967,66551,Luxembourg
250152,Nguyen Diep Gia,Khanh,Male,30/08/1969,83197,Portugal
819083,Doan Trong,Khoi,Male,23/03/1986,37456,Finland
557095,Nguyen Son,Tung,Male,05/10/1968,87286,France
374162,Nguyen Le Thanh,Nhan,Male,09/04/1972,77578,Finland
940448,Ta Quoc,Vinh,Male,25/05/1966,66551,Latvia
415478,Le Sy,Huy,Male,06/05/1986,52260,Estonia
583092,Van Tien,Nhu,Male,26/07/1990,87286,Croatia
395619,Dao Vinh,Phat,Male,13/07/1971,63966,Belgium
282907,Lam Kim,Phu,Male,28/01/1986,66551,Germany
585006,Ta Huynh Minh,Tien,Male,18/01/1991,83197,France
141828,Bui Huynh Hao,Thien,Male,02/02/1970,55906,Belgium
271775,Nguyen Huynh,Anh,Male,16/06/1964,54249,Italy
874146,Le Quoc,Cuong,Male,03/04/1988,87286,Belgium
234880,Tran Bao,Duy,Male,22/10/1980,87286,Greece
383957,Huynh Van,Hung,Male,06/05/1988,66551,Sweden
974361,Do Nguyen,Phuong,Male,06/02/1962,77578,Austria
380980,Nguyen Tat Nam,Phuong,Male,25/01/2003,54249,Netherlands
426687,Dao Ngoc,Tien,Male,13/11/1972,55906,Italy
543311,Nguyen Long,Vy,Male,03/10/1979,63966,Hungary
719949,Vu Van,Kien,Male,25/07/1987,83197,Hungary
796313,Le Nguyen Hoai,An,Male,26/11/1995,66551,Lithuania
904447,Nguyen Thien,An,Male,10/06/1974,52260,Poland
704231,Hoang Tuan,Anh,Male,27/09/1974,37456,Lithuania
528201,Lam Thanh,Dat,Male,28/09/1989,66551,RepublicofCyprus
896269,Pham Minh,Duong,Male,15/03/1966,66551,Hungary
279373,Doan Bao,Duy,Male,24/10/1971,62217,Lithuania
195701,Vo Nhat,Duy,Male,25/04/1970,55906,Italy
398501,Nguyen Huynh Quang,Ha,Male,19/09/1969,83197,Netherlands
566118,Trinh Chan,Hung,Male,04/03/1975,87286,Luxembourg
689480,Huynh Dang,Khoa,Male,18/11/1969,77578,Bulgaria
646521,Tran Nguyen Hoang,Long,Male,04/06/1972,83197,Finland
282399,Hong Thanh,Minh,Female,15/12/1991,55906,Austria
266345,Nguyen Tai,Nguyen,Male,25/09/1991,63966,Luxembourg
446208,Nguyen Thanh Di,Nien,Male,26/05/1982,52260,Malta
940455,Dinh Lam Bao,Thach,Female,28/10/1966,37456,Greece
239122,Hoang Kien,Thiet,Male,05/04/1994,77578,Estonia
970631,Ly Chi,Toan,Male,30/07/1971,87286,Austria
640142,Huynh Tai,Tri,Male,18/07/1984,62217,Spain
273296,Ngo Duc,Trung,Male,08/07/2001,62217,Greece
958078,Do Duy,Linh,Male,14/07/1987,63966,Croatia
316642,Le Phu,An,Male,22/01/1972,63966,Denmark
492396,Le Thanh Kien,An,Male,15/01/1975,83197,CzechRepublic
207121,Phan The,An,Male,14/01/1968,62217,Lithuania
472446,Le Nguyen Ky,Anh,Male,12/01/1980,77578,Poland
509747,Pham Hoang Huy,Anh,Male,07/10/1989,55906,Ireland
887521,Le Dang,Duc,Male,08/07/1969,62217,Lithuania
207040,Mai Vinh,Hien,Male,17/08/1974,77578,Bulgaria
951679,Do Ngoc,Khai,Male,29/08/1996,54249,Ireland
794534,Trinh Vinh,Khang,Male,04/11/2003,62217,Estonia
787120,Dang Bui Quoc,Khanh,Male,26/05/1992,77578,Portugal
309794,Dao Anh,Kiet,Male,22/04/1977,77578,Germany
834445,Do Thanh,Nhut,Male,28/07/1977,87286,Croatia
788871,Dao Huu Hoang,Quan,Male,12/09/1967,37456,Slovenia
856629,Le Nguyen Hong,Son,Female,02/10/1993,55906,Latvia
776887,Ho Minh,Thanh,Male,01/11/1995,37456,Denmark
833456,Thai Minh,Thong,Male,31/01/1982,87286,Spain
541400,Truong Cong,Tien,Male,24/09/1987,77578,Sweden
264252,Dang Hong,Tin,Male,28/01/2001,62217,Austria
657291,Hoang Ngoc Anh,Trung,Male,06/02/1978,55906,Romania
614342,Phan Chi,Vinh,Male,30/06/1967,77578,Luxembourg
740920,Ho Van,Vu,Male,27/09/1983,52260,Finland
349818,Pham Hoang,Phuc,Male,24/11/1987,62217,Finland
132145,Pham Ho Thai,An,Male,07/04/1988,52260,Croatia
336447,Nguyen Thi Ngoc,Diep,Male,17/12/1965,62217,Spain
232424,Nguyen Pham Minh,Duy,Male,07/07/1976,52260,Germany
535729,Bui Long,Giang,Male,31/07/1967,54249,Italy
797833,Mai Ba,Hien,Male,09/04/1983,83197,Italy
678961,Pham Nguyen Kieu,Khanh,Male,03/08/1981,54249,Romania
360907,Tong My,Ngoc,Male,22/01/1978,37456,Luxembourg
341835,Duong Cao Minh,Nhat,Male,07/11/1965,52260,Netherlands
746721,Bui Cong,Quan,Male,29/02/1964,37456,Estonia
843094,Le Tuan,Son,Male,29/10/1973,54249,Italy
727681,Duong Ngoc,Thien,Male,16/07/1967,63966,Finland
694399,Vo Truong,Thinh,Male,11/03/1993,55906,Denmark
407568,Huynh Hoang,Tien,Male,16/07/1997,77578,Portugal
408520,Vo Van,Toan,Male,11/03/1979,83197,Slovakia
677666,Nguyen Tran Huy,Vien,Male,05/09/1994,77578,Bulgaria
193576,Thanh Dai,Khoa,Male,05/07/1969,66551,Spain
944020,Pham Vu Quoc,Cuong,Male,15/04/1970,77578,Hungary
861809,Phung Tan,Duc,Male,03/10/1997,54249,RepublicofCyprus
931613,Vo Tung,Hau,Male,29/09/1999,55906,France
550337,Le Buu Anh,Huy,Male,17/05/1982,63966,Latvia
444378,Dao Tuan,Khoi,Male,22/08/1998,62217,Romania
378659,Pham Huy,Phat,Male,05/01/1986,55906,Hungary
348129,Nguyen Le Ngoc,Phuc,Male,16/07/1989,83197,Belgium
879039,To Quoc,Thang,Male,31/07/1970,52260,Lithuania
465988,Le Ngoc Xuan,Tuyen,Male,15/02/1983,83197,Belgium
586990,Nguyen Bao,Van,Male,13/11/1972,52260,Belgium
539073,Nguyen Thuan,Cuong,Male,18/12/1978,63966,Austria
384593,Nguyen Tran Bao,Dai,Male,05/06/1987,37456,Spain
721592,Tran Ho Minh,Duc,Male,07/09/1996,54249,Estonia
809853,Huynh Tran Tuan,Duy,Male,17/06/1977,87286,Bulgaria
569538,Tran Cong Quang,Minh,Male,18/10/1962,87286,Poland
813407,Nguyen Le Phuc,Nguyen,Male,28/12/1978,87286,Portugal
243770,Van Nguyen Hoang,Thanh,Male,05/07/1990,63966,Bulgaria
405999,Quach Do Khanh,Trieu,Male,01/10/1966,52260,CzechRepublic
606965,Nguyen Xuan,Trinh,Male,22/08/1998,87286,RepublicofCyprus
782071,Duong Anh,Tu,Male,21/03/1972,55906,Estonia
298959,Chiem Truong,An,Male,13/10/1985,37456,Austria
174492,Nguyen Ngoc Lan,Anh,Male,13/03/1970,63966,Bulgaria
724246,Nguyen Que,Chi,Male,29/08/1969,66551,Romania
436135,Duong Thuy,Chuong,Male,14/01/1974,77578,Bulgaria
326877,Pham Hong Hai,Dang,Male,09/01/2001,83197,Denmark
686404,Luong Phuong,Dong,Male,06/11/1999,63966,RepublicofCyprus
220373,Duong Thanh,Duy,Male,30/09/1986,66551,Latvia
614565,Tran Nguyen Trung,Huy,Male,19/11/1999,66551,Malta
583605,Le Duong Minh,Khoa,Male,04/01/1983,54249,Estonia
218593,Nguyen The Thang,Long,Male,10/08/1994,77578,Portugal
795222,Le Thi,Mai,Male,02/01/1985,52260,Luxembourg
346937,Nguyen Thi Tuyet,Ngan,Male,17/04/1962,55906,Portugal
320360,Nguyen Phuc Tam,Nguyen,Male,30/01/2001,52260,Austria
262960,Nguyen Pham Thien,Thu,Male,21/12/1967,54249,Hungary
148068,Trinh Van,Thuong,Male,19/09/1983,66551,Belgium
554949,Nguyen Hoang Trung,Tin,Male,25/03/1992,83197,Belgium
832082,Nguyen Le Ba,Trinh,Male,04/09/1977,37456,Italy
818620,Tran Nguyen Tuyen,Khoa,Male,03/07/1968,52260,Malta
480562,Tang Bao,Kien,Male,25/04/1991,77578,Portugal
480220,Dao Phuoc,Minh,Male,31/10/1983,83197,Spain
144874,Son Mai Diem,My,Male,07/08/2000,54249,Spain
346428,Tran Vu,Ngan,Male,16/03/1963,55906,Lithuania
903646,Nguyen Thi Quynh,Nhu,Male,21/12/1993,54249,Poland
376963,Hua Minh,Phong,Male,29/07/1993,87286,Malta
541219,Le Hoang Ngoc,Thuy,Female,10/12/1994,87286,Belgium
133524,Nghiem Minh,Tien,Male,28/04/1976,83197,Bulgaria
982581,Tran Binh,Trong,Male,10/10/1963,83197,Belgium
690212,Tran Vinh,Trung,Male,16/06/1964,87286,France
227242,Bui Le Hong,Duyen,Male,04/12/1977,55906,Denmark
822539,Nguyen Thi My,Duyen,Male,08/04/1969,55906,Austria
315556,Vo Thi My,Huyen,Male,26/04/1966,87286,Hungary
400487,Nguyen Duc Tran Minh,Khai,Male,28/10/1967,52260,Sweden
561895,Huynh Lan,Kiet,Male,01/11/1978,52260,Lithuania
682629,Nguyen Thi Thanh,Nha,Male,17/12/1998,54249,Italy
635475,Nguyen Le Duy,Nhan,Male,04/04/1997,83197,Slovakia
405044,M'bodj Cam,Nhu,Male,11/11/1977,54249,Slovakia
659223,Tieu Lam,Phong,Male,30/05/1987,77578,Greece
530298,Huynh Doan Diem,Phuong,Male,04/10/2003,83197,RepublicofCyprus
804837,Pham Dang,Quang,Male,05/12/1982,77578,Lithuania
872131,Nguyen Lam,Thanh,Male,13/02/1962,62217,Italy
147537,Nguyen Hoang Y,Tho,Male,30/05/2001,54249,Belgium
528158,Duong Thi Anh,Thu,Male,21/08/1973,83197,Croatia
476983,Nguyen Tran Yen,Vy,Male,23/11/1974,55906,Bulgaria
602222,Ngo Hong,Xinh,Male,20/07/1969,55906,France
674878,Trinh Phieu,An,Male,11/12/1968,54249,Greece
334363,Vien Quoc,Chuyen,Male,27/04/1979,83197,Poland
754066,Nguyen Truong Khuong,Duy,Male,17/05/1965,55906,Luxembourg
342667,Nguyen Thuy,Hang,Male,18/02/1985,37456,Belgium
771424,Lu Huynh Thanh,Hieu,Male,08/02/1977,66551,Luxembourg
572196,Le Phuc Thanh,Khang,Male,27/02/1980,52260,Sweden
650035,Giang Vinh,Kiet,Male,26/03/1994,87286,Sweden
642142,Che Hoai,Loc,Male,06/08/1986,83197,Estonia
137883,Du Thuan,Long,Male,30/08/1991,63966,Lithuania
134625,Vien Hoang,Long,Male,25/11/1991,62217,Belgium
685633,Le Hien,Luong,Male,17/09/1981,37456,Belgium
403729,Diep Nguyen Trong,Phuc,Male,07/10/1985,52260,Austria
465550,Trinh Tu,Quyen,Male,05/05/1976,37456,Hungary
331326,Pham Ngoc,Thang,Male,28/05/1995,54249,Austria
490942,Dang Anh,Tu,Male,09/07/1964,66551,Belgium
973344,Phan Khang,Vi,Male,12/06/1966,87286,Bulgaria
718399,Nguyen Tran Hai,Yen,Male,26/06/1995,83197,Croatia
799646,Than Le Tan,Dinh,Male,02/05/2000,62217,Germany
898310,Le Hung,Duy,Male,20/07/1975,55906,Spain
235607,Nguyen Khanh,Duy,Male,01/07/1983,62217,CzechRepublic
208050,Doan Nguyen,Lam,Male,12/06/1970,87286,Poland
606672,Ngo Huu,Le,Male,19/07/1979,63966,Luxembourg
248559,Dang Huynh,Long,Male,25/02/1984,54249,Netherlands
565214,Than Trong Huynh,Nhan,Male,20/09/2001,83197,Belgium
603042,Tang Hien,Phan,Male,01/03/1986,77578,Luxembourg
466666,Pham Mai Tien,Phat,Male,09/09/1982,63966,Germany
207927,Tran Thi,Thang,Male,20/06/1975,87286,Luxembourg
764467,Luu Huy,Thong,Male,12/10/1971,37456,Malta
297809,Pham,Tommy,Male,04/06/2004,87286,Poland
972251,Truong Thi Quynh,Trang,Male,29/03/1972,66551,Malta
320305,Le Thi Thanh,Tuyen,Male,15/02/1966,66551,Belgium
566297,Le Kieu,Anh,Male,09/01/1986,77578,Slovakia
299383,Mai Huu,Bang,Male,26/12/1991,63966,Denmark
339812,Nguyen Dong,Huy,Male,31/05/2003,52260,Finland
453778,Pham Trung,Luong,Male,08/05/1965,52260,Italy
958528,Truong Kim,Pha,Male,01/10/1991,66551,Italy
919170,Dinh Thanh,Trung,Male,10/02/1977,66551,Lithuania
728918,Nguyen Tran Khanh,Duy,Male,17/06/1973,55906,Spain
348840,Doan Nguyen Van,Hau,Male,27/07/1998,83197,Hungary
648256,Mai Van,Hiep,Male,18/08/1965,55906,Sweden
694174,Truong Tien,Luc,Male,16/01/1972,66551,France
750920,Nguyen Tien,Dung,Male,25/10/1964,66551,Estonia
764075,Nguyen Huynh Xuan,Giao,Male,31/10/1994,52260,RepublicofCyprus
513165,Bui Quang,Khai,Male,08/09/1996,83197,Slovenia
822597,Dao Thien Anh,Khoa,Male,22/08/1989,37456,Poland
569312,Huynh Nguyen Nguyen,Khoi,Male,17/06/1989,37456,Italy
308582,Ha Thi Thanh,Lam,Male,25/03/1970,83197,Romania
605331,Nguyen Tran Quynh,Nhu,Male,22/12/1976,66551,Finland
914598,Nguyen Tan Hoang,Phuc,Male,11/04/1964,62217,Germany
847265,Nguyen Dai,Phuoc,Male,20/12/1982,87286,RepublicofCyprus
261719,Dang Hoang Dong,Phuong,Male,09/04/1980,77578,Slovenia
328919,Quach,Thinh,Male,15/05/1984,63966,Belgium
545669,Thai Kim,Thu,Male,19/12/1963,52260,Italy
553405,Nhan Thi Kim,Tien,Male,04/05/1969,83197,Malta
352099,Pham Long,Tony,Male,15/10/1970,62217,Estonia
897543,Luu Kien,Van,Male,01/01/1989,55906,CzechRepublic
977436,Diec Lu Chi,Vi,Male,28/10/2003,37456,Romania
223047,Doan Duc,Vu,Male,17/09/1991,55906,Malta
129465,Luu Tran Ngoc,Anh,Male,29/05/1976,55906,Malta
299690,Nguyen Doan Cong,Can,Male,29/09/1987,66551,Ireland
563552,Tran Dinh,Chuong,Male,01/11/1978,55906,Lithuania
519596,Pham Vu Long,Khai,Male,01/09/2001,62217,Portugal
254802,Chung Sung,Khang,Male,28/07/1978,52260,Slovakia
205690,Chau Vi Hoang,Long,Male,12/09/1986,55906,Sweden
613983,Truong Van,Long,Male,16/10/1990,77578,Malta
192010,Vu Quang Phi,Long,Male,05/05/1970,62217,Luxembourg
688864,Pham Nhat,Minh,Male,06/12/1985,77578,France
723407,Phan Le Hoai,Nam,Male,22/05/1995,63966,Greece
738171,Tran Thi Minh,Ngoc,Male,11/04/1964,63966,Romania
823318,Ly Quoc,Nguyen,Male,29/06/2001,83197,Sweden
395100,Nguyen Tran Khoi,Nguyen,Male,17/09/1965,63966,Italy
376914,Bui Xuan,Sang,Male,18/08/2003,54249,Germany
894674,Mai Ha Hoang,Thai,Male,27/07/2004,62217,Portugal
525831,Phan Xuan,Thu,Male,24/10/1982,87286,Slovenia
823556,Dinh Dong,Thuc,Male,28/11/1993,87286,Bulgaria
159944,Thach Chi,Ton,Male,27/01/2003,87286,Lithuania
189126,Dang Huu Quang,Tri,Male,07/10/1980,54249,CzechRepublic
656372,Tran Hung,Trong,Male,24/03/1988,37456,Latvia
175762,Nguyen Huu Nhat,Truong,Male,26/04/1997,62217,CzechRepublic
557707,Le Nguyen Minh,Tuan,Male,02/06/1985,62217,Romania
176287,Ngo Duc Anh,Tuan,Male,04/08/1990,55906,Italy
455468,Doan Ba,Tung,Male,11/09/1972,62217,CzechRepublic
159500,Ho Xuan Anh,Vu,Male,12/07/1963,54249,Slovenia
521809,Dang Le Huu,Bao,Male,15/08/1963,63966,Italy
190589,Le Minh Khanh,Du,Male,27/05/1974,66551,Slovenia
426807,Lam My,Duyen,Male,10/10/1972,52260,Estonia
569192,Ho Viet,Ha,Male,11/08/1972,37456,Belgium
786475,Pham Thi,Ha,Male,28/04/1983,52260,Greece
192237,Nguyen Thuong,Hai,Male,11/07/1978,87286,Lithuania
909878,Pham Ngoc Thanh,Huy,Male,26/08/1974,52260,Spain
499217,Ho Dang Hai,Long,Male,06/10/1991,87286,Sweden
888535,Nguyen Phung Minh,Man,Male,09/07/1973,54249,Latvia
416323,Nguyen Nhut,Minh,Male,01/06/1984,52260,Portugal
885529,Nguyen Phuong,Nam,Male,26/03/1986,77578,Austria
821053,Ho Vinh,Nghiem,Male,29/02/1992,63966,Netherlands
303461,Huynh The,Nhan,Male,20/03/1996,66551,Ireland
927342,Huynh Duc,Quang,Male,30/11/1988,77578,Ireland
461578,Phan Ngoc,Son,Male,18/07/1985,77578,CzechRepublic
194668,Nguyen Liu Tien,Tai,Male,14/11/1978,55906,Poland
235169,Truong Huu,Tai,Male,07/03/2001,54249,CzechRepublic
783329,Nguyen Tran Hung,Thinh,Male,22/05/1979,62217,Romania
253294,Tran Thanh Phat,Thinh,Male,17/02/1997,63966,Malta
692017,Vuu Gia,Thinh,Male,04/05/1978,83197,Finland
567498,Truong Quoc,Thuan,Male,12/03/1975,55906,Hungary
621137,Le Nguyen Thuy,Tien,Male,31/01/1992,66551,Latvia
863501,Huynh Huu,Tri,Male,04/03/1967,62217,Spain
392340,Ton Bao,Tri,Male,28/09/1976,83197,Ireland
663393,Mach Trung,Tin,Male,02/07/1971,52260,Croatia
680155,Trinh Thi Mai,Han,Male,25/01/1977,62217,RepublicofCyprus
446258,Le Duy,Khanh,Male,05/06/1978,52260,Germany
937325,Ho Anh,Quyen,Male,26/08/1982,83197,Finland
359130,Vo Thanh,Van,Female,02/05/1986,54249,Belgium
216703,Phan Quang,Duy,Male,07/05/1998,87286,Germany
938251,Vuong Gia,Hao,Male,15/03/1975,37456,Croatia
651698,Doan Quoc,Huy,Male,18/01/1988,54249,Austria
509945,Nguyen Thanh Quang,Huy,Female,21/05/1994,54249,Denmark
244116,Nguyen Chau Thuy,Linh,Male,22/03/1965,66551,Greece
423412,Tran Hong,Nhung,Male,07/08/1999,87286,RepublicofCyprus
203910,Thi Ngoc,Phu,Female,10/02/1991,83197,Bulgaria
927167,Ha Quan,Quan,Male,27/10/1980,66551,Netherlands
417422,Ha Anh,Quoc,Female,11/05/1984,37456,Finland
378277,Nguyen Thi Minh,Thu,Male,13/06/1962,66551,Finland
826179,Ngo Van Quang,Truong,Male,20/08/1979,52260,Austria
613744,Dang Duc,Vinh,Male,24/05/1962,83197,Finland
917421,Pham Huu,Binh,Male,21/02/1971,83197,Germany
742641,Nguyen Vo Khanh,Duy,Male,21/06/1998,87286,Latvia
399130,Dao Hoang,Giang,Male,16/10/1987,52260,Poland
152619,Chuong Thanh,Long,Male,16/02/1978,77578,Ireland
765265,Tran,Tai,Male,20/09/1999,83197,Luxembourg
857178,Nguyen Hung Gia,An,Female,28/02/1976,83197,Luxembourg
619176,Dang Tho,Duy,Male,13/04/1971,66551,Poland
556283,Doan Ho Hoang,Hiep,Male,17/11/1977,77578,Poland
478686,Luu,Hung,Male,01/07/1991,63966,Italy
223883,Vu Quang,Huy,Male,23/11/2004,54249,Luxembourg
724328,Tran Dong,Khang,Male,24/06/1992,62217,Portugal
830266,Ngo Trung,Kien,Male,13/08/1977,83197,Slovenia
691256,Thai Ngoc,Phu,Male,07/06/1993,54249,Belgium
514845,Duong Ly Bao,Thanh,Male,06/08/1991,87286,Hungary
712607,Cu Dinh,Thi,Male,13/12/1985,54249,Germany
283703,Vo Lam Duy,Thuan,Male,13/01/1963,83197,Slovakia
306786,Luong The,Vinh,Male,04/03/1986,52260,Netherlands
275291,Huynh Nhut,An,Male,27/08/1982,37456,Sweden
637399,Lu Duc,Anh,Male,06/04/1998,87286,Slovenia
255458,Ngo Ngoc Phuong,Binh,Male,26/07/1997,37456,Latvia
210089,Lam Ngoc,Hai,Male,27/06/1964,77578,Sweden
466747,Dang Chi,Hao,Female,12/04/1963,77578,Latvia
710124,Lam Gia,Khanh,Male,14/05/1989,55906,CzechRepublic
777141,Vu Duc Anh,Khoa,Male,18/11/1992,54249,Romania
211945,Huynh Anh,Khoi,Male,19/01/1976,87286,Romania
295080,Nguyen Thi Bich,Loan,Male,12/02/1994,63966,Finland
759640,Nguyen Khac Minh,Luan,Male,31/08/1987,55906,RepublicofCyprus
236858,Nguyen Thi Bach,Mai,Male,14/04/1970,62217,CzechRepublic
773168,Duong Trong,Tai,Male,30/06/1977,63966,France
783101,Phan Tuan,Thanh,Male,05/05/1964,83197,Italy
802884,Tieu Gia,Thinh,Male,13/05/1969,66551,Estonia
488061,Nguyen Thi Lan,Anh,Male,03/07/1963,87286,Latvia
437606,Vo Hung,Anh,Male,07/06/1971,77578,Ireland
983247,Mai Duy,Bao,Male,05/07/2002,37456,Hungary
413324,Nguyen Le Quoc,Cuong,Male,12/09/1969,62217,Poland
915977,Nguyen Pham Manh,Cuong,Male,11/03/1977,55906,Luxembourg
960938,Dang Dang,Duy,Male,30/03/1997,83197,Bulgaria
279929,Tran Quan,Hao,Male,16/06/1964,83197,Ireland
864939,Bui Vu Minh,Hieu,Male,25/12/1991,63966,Croatia
715810,Ngo Xuan,Hieu,Male,31/12/1999,37456,Bulgaria
702568,Ta Trung,Hieu,Male,24/07/1998,66551,Belgium
244593,Trinh Tuan,Hung,Male,27/12/1976,83197,Estonia
435415,Do Mai,Huong,Male,24/11/1974,52260,Croatia
540004,Huynh Mong,Huy,Female,09/05/1997,54249,Croatia
967635,Ta Huynh Cong,Huyen,Male,09/01/1970,52260,Austria
567036,Chiem Tien,Khang,Female,04/05/1967,52260,Austria
754882,Pham Viet Gia,Khanh,Male,23/12/1971,83197,Croatia
594162,Chieu Khanh,Linh,Male,15/12/1987,63966,Malta
579856,Ly Tan,Loc,Male,01/09/2000,63966,Sweden
533712,Le Huynh,Long,Male,02/07/1992,55906,Sweden
135263,Nguyen Tran Hoang,Minh,Male,06/06/1975,83197,Lithuania
747710,Nguyen Hoang Thu,Ngan,Male,22/05/1981,55906,Slovakia
512625,Duong Minh,Ngoc,Male,26/04/1973,83197,Bulgaria
611279,Nguyen Viet Minh,Nhat,Male,27/06/1978,55906,Latvia
556871,Tran Thi My,Nhi,Male,18/01/1986,66551,Bulgaria
861337,Lu Trong,Phu,Male,20/11/1999,63966,Austria
866245,Le Nguyen Huu,Phuc,Male,24/07/1982,87286,Netherlands
685204,Tang Minh,Phuc,Male,02/02/1974,83197,Austria
336263,Tran Hoang Minh,Quan,Female,25/07/1967,52260,Portugal
690146,Dieu Duy,Tan,Female,03/05/2004,52260,Portugal
309231,Ha Nhat,Tan,Female,07/01/1991,62217,Ireland
986635,Le Duc,Thang,Male,15/01/1995,52260,Italy
529292,Nguyen Truong Anh,Thinh,Male,19/02/1972,52260,Romania
810486,Trinh Dien Thien,Thong,Male,28/11/1995,83197,Portugal
593909,Le Dinh Trung,Tin,Male,05/12/1987,54249,Spain
812574,Nguyen Thi Thu,Tram,Female,12/09/1973,83197,Spain
425589,Dinh Nguyen Nhat,Tung,Male,15/07/1964,83197,Germany
142721,To Thi Bich,Tuyen,Male,19/11/1990,52260,Austria
740627,Tran Dinh Anh,Vu,Male,04/12/1962,54249,Hungary
383961,Ly Ly,Anh,Male,20/04/1978,37456,Ireland
711512,Nguyen The,Anh,Male,08/11/2004,55906,Belgium
562884,Chung Chi,Cuong,Female,13/10/1982,66551,Latvia
718464,Mac Thuan,Dat,Male,19/01/1980,83197,Hungary
363381,Hoang Huu,Dong,Male,27/01/1986,66551,Malta
525878,Bui Duc,Dung,Male,01/07/2000,63966,Poland
646281,Phan An,Duy,Male,01/03/1973,54249,Poland
860605,Duong Chi,Hai,Male,18/10/1982,77578,Estonia
732274,Vu Trung,Hoa,Male,19/08/1999,83197,Denmark
313348,Pham Manh,Hung,Male,31/08/1998,37456,Romania
383627,Bui Quoc,Huy,Male,03/10/1985,83197,Spain
768792,Hoang Gia,Huy,Male,10/05/1987,63966,Austria
787581,Le Dinh Quang,Huy,Male,29/07/1969,63966,Portugal
534271,Phan Do Gia,Huy,Male,17/09/2002,55906,Finland
936384,Vu Gia,Huy,Male,23/11/1975,55906,Greece
794305,Tu Huu,Khang,Female,19/06/1992,83197,Portugal
429924,Nguyen An Hoang,Kiet,Female,27/05/1998,83197,Spain
897269,Le Doan,Long,Male,24/04/1984,55906,France
213783,Dang Vi,Nhien,Male,09/06/1989,62217,Spain
130123,Phu Phuong,Tin,Male,09/04/1997,62217,Netherlands
652453,Nguyen My,Anh,Female,06/05/1969,37456,Austria
257529,Tran Ky,Anh,Male,03/06/1978,87286,Italy
370616,Huynh Nguyen Hoai,Bao,Female,24/02/1979,55906,Estonia
368221,Huynh Cong,Chanh,Male,05/09/1991,62217,Croatia
176717,Nguyen Chanh,Dai,Male,04/01/1996,54249,RepublicofCyprus
689006,Ngo Tien,Dat,Male,23/07/1989,37456,Romania
756221,Nguyen Gia Hoang,Dat,Male,17/03/1975,37456,Estonia
521221,Phan Le Thanh,Dat,Male,28/07/1991,77578,Romania
652639,Dang Nil,Do,Male,08/11/1970,52260,Portugal
574631,Le Tri,Duc,Female,09/09/1983,55906,Netherlands
966012,Hua Phuc,Dung,Female,12/07/1968,62217,Netherlands
264988,Mong Van,Dung,Male,07/10/1996,54249,RepublicofCyprus
524284,Phan Ngoc Linh,Duy,Female,06/03/1985,62217,Netherlands
439848,Thai Khanh,Ha,Male,22/11/1997,66551,CzechRepublic
479019,Nguyen Truong Hoang,Hai,Male,12/08/1974,83197,Ireland
540568,Lieu Quoc,Hao,Female,02/07/1990,37456,CzechRepublic
792015,Dang Phuc,Huy,Male,24/04/1973,55906,Ireland
785974,Huynh Quang,Huy,Female,31/03/1989,63966,Romania
790201,To Tan,Khai,Male,26/06/1989,63966,Portugal
483630,Le Ho Bao,Khang,Female,08/10/1989,52260,Austria
279454,Tran Nguyen,Khang,Male,01/12/2000,62217,France
890621,Le Tan,Khoa,Male,27/06/1962,37456,Slovenia
304278,Le Thanh Dang,Khoa,Female,08/04/1980,87286,Italy
847019,Ly Thi Hoang,My,Female,02/02/2004,63966,Portugal
924973,Lu Huynh,Ngan,Male,08/04/1971,77578,Croatia
747435,Ho Trong,Nghia,Male,15/04/1966,87286,Denmark
321862,Pham Hung,Nghia,Female,09/06/1967,54249,Finland
696088,Nguyen Thi Thao,Nhu,Female,18/09/1996,55906,Netherlands
494093,Nguyen Thi Cam,Nhung,Male,25/10/2000,55906,Netherlands
865663,Doan Nguyen Minh,Phuong,Male,07/06/1985,87286,France
207047,Mai Cao,Phuong,Male,11/03/1993,54249,Romania
563887,Nguyen Ngoc Dang,Quang,Male,03/10/1963,52260,Sweden
932740,Nguyen Thi Diem,Quynh,Male,27/04/1962,87286,Estonia
386599,Nguyen Hoang Huy,Tam,Female,27/10/1964,55906,Austria
213567,Hoang Nhat,Tan,Male,21/12/1995,66551,Spain
673891,Cao Bao,Thai,Male,21/05/1989,83197,Slovenia
150786,Tran Chieu,Thanh,Male,30/06/1989,52260,Finland
720111,Duong Bao,Thi,Male,28/05/1977,83197,Croatia
251008,Bui Thi Hoai,Thuong,Male,13/07/1998,87286,Estonia
573881,Nguyen Le Bao,Thy,Male,18/07/1983,63966,Bulgaria
473708,Hoang Thi Thuy,Trang,Male,23/03/2000,37456,RepublicofCyprus
967470,Nguyen Le Dong,Trieu,Male,13/12/1968,62217,Slovakia
965323,Nguyen Vo Hoang,Vu,Male,13/07/1965,55906,CzechRepublic
197597,Le Trieu,Vy,Male,22/11/1968,54249,Sweden
853069,Ly Van,An,Male,21/06/1995,55906,Croatia
334745,Nguyen Cao Hai,Dang,Male,21/11/1999,87286,Austria
184960,Bach Tran Anh,Duc,Male,05/03/1973,66551,Netherlands
463073,Truong Khanh,Duy,Female,03/08/1991,77578,Belgium
686310,Truong Nhat,Duy,Male,13/06/1982,63966,Greece
260437,Le Huynh Thi Ngoc,Han,Female,24/05/1987,52260,Hungary
247884,Doan Thai Minh,Hoang,Male,27/08/1980,63966,Romania
906519,Nguyen Le Song,Huong,Male,19/03/1987,63966,Hungary
702358,Nguyen Phan Minh,Khang,Male,03/07/1976,62217,Belgium
957884,Le Hieu,Ky,Male,10/04/1963,37456,Lithuania
264205,Dinh Nhut,Minh,Female,09/08/1997,54249,France
484807,Nguyen Kien,Nghia,Male,07/08/1989,37456,Estonia
611554,Phan Trung,Nhan,Male,19/07/1963,63966,Spain
770346,Do Nguyen Phuong,Nhi,Male,15/06/1980,62217,France
269975,Duong Nguyen Trong,Phu,Male,02/04/1983,55906,Croatia
535141,Pham Nguyen Hoang,Quan,Male,27/08/1980,77578,Belgium
506277,Truong Hieu,San,Male,01/02/1993,62217,Portugal
205199,Dinh Tan,Sang,Male,05/06/1968,52260,Slovenia
818812,Dau Dang,Son,Male,26/02/1973,62217,Sweden
160564,Tat Uyen,Tam,Male,29/01/1964,77578,Italy
448293,Nguyen Tran Quang,Thinh,Male,27/10/1970,77578,Greece
209613,Pham Huynh Anh,Tien,Male,31/03/1964,83197,Spain
305179,Dao Xuan,Truong,Male,09/07/1993,66551,Lithuania
820350,Le Ngoc Phuong,Vi,Male,01/08/1983,55906,Sweden
539678,Nguyen Van Khanh,An,Male,28/10/1980,54249,Slovakia
649407,Nguyen Huynh Duy,Bao,Male,07/01/1986,83197,Finland
501676,Cao Nguyen Ky,Duyen,Female,30/10/1968,87286,Hungary
543140,Ta Van,Huy,Male,15/01/1966,62217,CzechRepublic
949691,Van Dai,Kiet,Male,08/12/1996,83197,Latvia
939993,Ha Minh,Quan,Male,09/01/2001,52260,Denmark
315899,Hoang Minh,Quan,Male,22/02/2003,37456,RepublicofCyprus
950723,Nguyen Hien,Son,Female,30/07/1976,63966,Poland
249485,Cao Tin,Thanh,Male,15/01/2003,63966,Lithuania
655187,Do Thi Hoai,Thu,Male,19/10/1997,83197,RepublicofCyprus
980509,Nguyen Thi Anh,Thu,Male,16/10/1986,83197,Netherlands
928753,Ngo Quang,Thuan,Female,24/03/1974,77578,Netherlands
924348,Nguyen Ngoc Thuy,Vy,Male,26/08/1977,87286,Latvia
582703,Luong Duc,Bang,Female,30/06/1994,83197,Lithuania
350880,Nguyen Huynh Tat,Dat,Female,25/11/1996,77578,RepublicofCyprus
730942,Gian Viet,Duc,Male,28/07/1968,55906,Hungary
653119,Le Nguyen Khanh,Duy,Male,29/07/1965,54249,Belgium
722630,Do Thi Thu,Hien,Male,18/05/1967,55906,France
908460,Le Yen,Linh,Male,05/09/1966,87286,Romania
518069,Nguyen Khoa,Nam,Male,03/03/1967,63966,Ireland
665735,Dinh Nguyen Thanh,Tuyen,Female,09/03/1974,55906,Belgium
470468,Vo Dinh Minh,Tri,Male,15/05/1982,55906,Estonia
250179,Nguyen Ho Tuong,Vy,Male,05/09/1966,52260,Slovakia
918192,Hoang Phuc Thien,An,Male,20/05/1989,62217,RepublicofCyprus
491521,Lam Nhu,Ngoc,Male,08/11/1988,52260,Greece
851259,Phan Hoai,Phong,Male,31/12/1969,83197,Denmark
350125,Vo Dang,Phuc,Male,16/04/1972,62217,Denmark
156914,Nguyen Thi Ngan,Tam,Male,10/08/1990,54249,Italy
823266,Ho Ngoc,Thanh,Male,05/02/1972,37456,Ireland
178658,Vo Thi Phuong,Thuy,Male,28/06/1993,77578,Netherlands
886077,Dinh Dinh,Dang,Male,22/05/2001,52260,Poland
288666,Nguyen Sy Anh,Duong,Male,09/11/1995,52260,Latvia
204031,Truong Tuan,Thinh,Male,10/07/1968,87286,Poland
559516,Phong Dat,Tin,Male,15/08/2004,63966,Poland
305133,Ma Van,Trung,Male,10/08/2000,63966,Ireland
839100,Tang Kien,Trung,Female,17/03/1966,83197,Luxembourg
312478,Nguyen Hoang Thien,Vy,Female,23/08/1994,77578,Romania
737719,Huynh Nguyen Huy,Anh,Male,14/06/1984,62217,Luxembourg
954776,Pham Cong,Chanh,Male,25/06/1982,52260,Romania
400679,Hoang Tan,Duc,Male,05/07/1981,52260,Germany
634564,Doan Nhat,Duy,Male,09/02/1995,37456,Finland
815766,Phan Truong,Giang,Male,01/07/1993,55906,Bulgaria
346168,Lam Trong,Hieu,Male,15/02/1969,77578,Denmark
763396,Le Tran Trung,Hieu,Male,05/08/1998,37456,Netherlands
598716,Phan Minh,Hieu,Male,12/10/1989,87286,Hungary
514420,Tran Phuong,Hoang,Female,31/05/1982,83197,France
835388,Mai Nguyen Thai,Hoc,Female,05/11/2002,37456,Belgium
648975,Thach Thanh,Huu,Male,06/08/1963,55906,Malta
146740,Xin Thang,Hy,Male,01/08/1989,37456,Croatia
723241,Le Quang Dang,Khoa,Male,05/10/1968,63966,CzechRepublic
891369,Lac Minh,Long,Male,12/01/1972,87286,Sweden
969977,Xuan Kim,Long,Male,31/08/1973,54249,Lithuania
800993,Nguyen Hung Hoai,Nam,Male,18/06/1978,63966,Spain
288424,Nguyen Sang,Sinh,Male,24/12/1998,54249,Lithuania
392542,Bui Ngoc Khai,Tam,Male,24/02/1991,66551,Poland
341861,Hoang Quang,Thang,Female,09/11/1993,66551,Poland
290278,Pham Bui Gia,Bao,Female,12/10/2000,83197,Slovakia
360711,Lam Chi,Cuong,Male,15/03/1964,83197,Spain
378159,Nguyen Chau Quoc,Dat,Male,10/04/1972,87286,Poland
917267,Ngo Tran,Do,Male,08/09/1982,37456,Austria
210144,Le Huyen,Duc,Male,29/08/1965,37456,Poland
495556,Tran My,Hanh,Male,09/06/1999,62217,Estonia
814798,Tang Chan,Hung,Male,07/06/1969,87286,Italy
601540,Nguyen Phuc Duy,Khang,Male,12/11/1986,62217,RepublicofCyprus
217605,Tran Vu Cong,Khanh,Male,06/07/1997,87286,Estonia
141888,Doan Hoang Gia,Khiem,Female,01/02/1974,55906,Latvia
647498,Tran Nguyen Dang,Khoa,Male,10/07/1963,83197,Poland
429267,Trinh Anh,Khoa,Male,02/10/2003,66551,Spain
253447,Le Tieu,Long,Male,22/12/1962,83197,Estonia
472018,Cao Tieu,My,Male,19/04/1983,66551,Bulgaria
945888,Le Tran Thai,My,Male,22/07/1964,87286,Austria
885377,Do Hoang Kieu,Oanh,Male,16/01/2000,66551,Romania
656298,Ho Thinh,Phat,Male,16/03/1978,66551,Estonia
159816,Doan Xuan,Phong,Male,07/06/1971,77578,Luxembourg
441621,Tran Ngo Tan,Phong,Male,16/02/1973,83197,Luxembourg
743193,Nguyen Hao,Quan,Male,25/09/1999,55906,Hungary
833071,Phan Duy,Tam,Male,05/09/1976,87286,Croatia
384295,Cao Thien Thien,Tan,Male,08/05/1990,55906,Netherlands
249680,Dao Nhat,Tan,Male,28/05/2003,77578,Bulgaria
170819,Tran Thi Phuong,Thanh,Male,04/08/1995,55906,Hungary
184240,Lam Minh,Thong,Male,18/01/1990,62217,RepublicofCyprus
885495,Nguyen Phong,Tu,Male,21/03/1964,52260,Denmark
179701,Do Anh,Tuan,Male,21/10/1990,52260,Netherlands
667483,Mai Hoang,Viet,Male,09/01/1999,52260,Portugal
851421,Ly Huong,Yen,Male,23/09/1989,54249,Malta
424447,Phao,Rathana,Male,27/12/2001,83197,Estonia
444066,Nguyen Pham Hong,An,Male,06/09/1986,63966,Italy
381970,Truong,Dinh,Male,09/04/2001,87286,Austria
290809,Tran Khanh,Duy,Male,25/02/1990,77578,Germany
492048,Phan Ho Tuan,Kiet,Male,03/08/1973,87286,Croatia
242278,Vo Nguyen,Long,Male,05/06/1996,63966,Ireland
286913,Nguyen Thi Kim,Ngoc,Male,20/05/1993,63966,Slovenia
165018,Tran Si,Nguyen,Female,06/04/2002,83197,Slovenia
821199,Ho Minh Chi,Tan,Male,30/06/1995,77578,Netherlands
570596,Tran Vu Bao,Thien,Male,04/08/1991,62217,Lithuania
779949,Nguyen Luu,Tri,Male,29/06/1996,54249,France
293467,To Ky,Tuan,Male,13/10/1982,63966,Portugal
357978,Le Tuong,Vy,Male,28/05/1979,37456,Malta
240958,Huynh Buu,Cuong,Male,19/12/2001,55906,Estonia
615405,Pham Trinh Hoang,Long,Male,01/05/2001,54249,Spain
423578,Thai Thi Thanh,Nhan,Male,27/04/1979,55906,Slovakia
732144,Vo Tuong,Vi,Male,24/08/2003,62217,Slovenia
886999,Nguyen Thai,Cuong,Male,22/04/2003,62217,Italy
977638,Nguyen Vo,Hoang,Male,31/12/1963,37456,Greece
131182,Nguyen An,Khanh,Male,26/10/1995,77578,Slovakia
624679,Phan Thi Na,Na,Male,13/06/1989,55906,Luxembourg
582606,Nguyen Tu,Nguyen,Male,11/09/1978,83197,Lithuania
312626,Tran Tuyet,Nhi,Male,26/11/1986,62217,Poland
758166,Banh Uyen,Nhi,Male,24/12/1978,83197,CzechRepublic
677413,Nguyen Quang Duy,Anh,Male,25/09/2002,55906,Ireland
690357,Do Gia,Bao,Male,12/06/1995,77578,RepublicofCyprus
923104,Phan Tri,Cao,Male,27/05/1972,87286,Spain
760106,Vu Huy,Chuong,Male,19/10/1994,77578,Lithuania
690690,Do Dang,Co,Male,14/09/2000,63966,Belgium
130069,Ho Quoc,Cuong,Male,19/10/1993,62217,Malta
727403,Pham Do Trong,Dai,Male,28/02/1978,77578,CzechRepublic
955976,Cao Tran Trung,Hieu,Male,17/10/2000,62217,Belgium
775110,Ho Hai,Hieu,Female,27/06/1980,54249,Bulgaria
592272,Truong Trung,Hieu,Male,02/12/1990,62217,Sweden
221597,Dang Minh,Hoang,Male,23/06/1981,55906,Poland
388408,Dinh Le Dai,Hoang,Male,25/07/2000,87286,Ireland
520338,Hoang Phi,Hung,Male,30/06/1970,63966,Slovakia
573772,Nguyen Phan Quoc,Hung,Female,20/08/1993,83197,Bulgaria
348785,Tran Huu Quang,Huy,Female,14/11/1979,52260,Netherlands
852757,Tran Le Hoang,Huy,Female,27/04/1972,62217,Malta
310572,Le Tran Ngoc Duy,Khanh,Male,20/09/1989,83197,Belgium
192404,Le Cong Minh,Khoi,Male,24/03/1978,62217,Croatia
887524,Truong Dinh,Kien,Male,10/06/1974,54249,Estonia
219232,Cao The,Kiet,Male,08/01/2000,37456,France
503238,Tat Tan,Lam,Male,28/02/1974,37456,Austria
548012,Thich Canh,Long,Male,06/05/1965,55906,Netherlands
887699,Nguyen Hoang Thanh,Minh,Male,10/08/1971,54249,Croatia
295774,Phan Nguyen,Nam,Male,03/07/1994,54249,Belgium
729089,Huynh Pham To,Ngan,Male,18/10/1965,52260,RepublicofCyprus
528943,Vo Chi,Nghia,Male,13/11/2003,63966,Slovakia
747168,Vu Thien,Nhan,Male,10/03/1988,66551,Latvia
263276,Phan Le Minh,Nhut,Male,30/10/1985,54249,Hungary
229128,Nguyen Kha,Phuc,Male,21/02/1992,77578,Hungary
505873,Vo Kim,Quan,Male,25/05/1989,77578,Belgium
586379,Truong Tran Minh,Quang,Male,10/04/1984,37456,Germany
363749,Do Dao Truc,Quyen,Male,27/05/1980,87286,Portugal
973989,Nguyen Ho Thanh,Son,Male,16/10/1981,83197,Spain
279196,Vu Trong Lam,Thanh,Male,20/11/1984,77578,Malta
244231,Huynh Tran Nhat,Thuyen,Male,12/09/1965,37456,Ireland
396024,Dinh The,Toan,Female,28/12/1962,54249,Slovakia
605585,Nguyen Huynh Minh,Triet,Male,17/04/2000,77578,Malta
